{"frames": {

"albumCover0000":
{
	"frame": {"x":940,"y":317,"w":310,"h":113},
	"rotated": false,
	"trimmed": false,
	"spriteSourceSize": {"x":0,"y":0,"w":310,"h":113},
	"sourceSize": {"w":310,"h":113}
},
"albumCover0001":
{
	"frame": {"x":859,"y":432,"w":310,"h":113},
	"rotated": false,
	"trimmed": false,
	"spriteSourceSize": {"x":0,"y":0,"w":310,"h":113},
	"sourceSize": {"w":310,"h":113}
},
"albumCover0002":
{
	"frame": {"x":907,"y":547,"w":310,"h":113},
	"rotated": false,
	"trimmed": false,
	"spriteSourceSize": {"x":0,"y":0,"w":310,"h":113},
	"sourceSize": {"w":310,"h":113}
},
"albumCover0003":
{
	"frame": {"x":907,"y":662,"w":310,"h":113},
	"rotated": false,
	"trimmed": false,
	"spriteSourceSize": {"x":0,"y":0,"w":310,"h":113},
	"sourceSize": {"w":310,"h":113}
},
"albumCover0004":
{
	"frame": {"x":907,"y":777,"w":310,"h":113},
	"rotated": false,
	"trimmed": false,
	"spriteSourceSize": {"x":0,"y":0,"w":310,"h":113},
	"sourceSize": {"w":310,"h":113}
},
"albumCover0005":
{
	"frame": {"x":795,"y":892,"w":310,"h":113},
	"rotated": false,
	"trimmed": false,
	"spriteSourceSize": {"x":0,"y":0,"w":310,"h":113},
	"sourceSize": {"w":310,"h":113}
},
"albumCover0006":
{
	"frame": {"x":795,"y":1007,"w":310,"h":113},
	"rotated": false,
	"trimmed": false,
	"spriteSourceSize": {"x":0,"y":0,"w":310,"h":113},
	"sourceSize": {"w":310,"h":113}
},
"albumHeadingPanel0000":
{
	"frame": {"x":940,"y":2,"w":579,"h":171},
	"rotated": false,
	"trimmed": false,
	"spriteSourceSize": {"x":0,"y":0,"w":579,"h":171},
	"sourceSize": {"w":579,"h":171}
},
"albumHeadingPanel0001":
{
	"frame": {"x":2,"y":796,"w":579,"h":171},
	"rotated": false,
	"trimmed": false,
	"spriteSourceSize": {"x":0,"y":0,"w":579,"h":171},
	"sourceSize": {"w":579,"h":171}
},
"backgroundSelector0000":
{
	"frame": {"x":1219,"y":550,"w":143,"h":145},
	"rotated": false,
	"trimmed": false,
	"spriteSourceSize": {"x":0,"y":0,"w":143,"h":145},
	"sourceSize": {"w":143,"h":145}
},
"backgroundSelector0001":
{
	"frame": {"x":1219,"y":697,"w":143,"h":145},
	"rotated": false,
	"trimmed": false,
	"spriteSourceSize": {"x":0,"y":0,"w":143,"h":145},
	"sourceSize": {"w":143,"h":145}
},
"backgroundSelector0002":
{
	"frame": {"x":1364,"y":550,"w":143,"h":145},
	"rotated": false,
	"trimmed": false,
	"spriteSourceSize": {"x":0,"y":0,"w":143,"h":145},
	"sourceSize": {"w":143,"h":145}
},
"backgroundSelector0003":
{
	"frame": {"x":1364,"y":697,"w":143,"h":145},
	"rotated": false,
	"trimmed": false,
	"spriteSourceSize": {"x":0,"y":0,"w":143,"h":145},
	"sourceSize": {"w":143,"h":145}
},
"backgroundSelector0004":
{
	"frame": {"x":1258,"y":844,"w":143,"h":145},
	"rotated": false,
	"trimmed": false,
	"spriteSourceSize": {"x":0,"y":0,"w":143,"h":145},
	"sourceSize": {"w":143,"h":145}
},
"backgroundSelector0005":
{
	"frame": {"x":1403,"y":844,"w":143,"h":145},
	"rotated": false,
	"trimmed": false,
	"spriteSourceSize": {"x":0,"y":0,"w":143,"h":145},
	"sourceSize": {"w":143,"h":145}
},
"backgroundSelectorCheckbox0000":
{
	"frame": {"x":1095,"y":1446,"w":38,"h":39},
	"rotated": false,
	"trimmed": false,
	"spriteSourceSize": {"x":0,"y":0,"w":38,"h":39},
	"sourceSize": {"w":38,"h":39}
},
"blackSquare0000":
{
	"frame": {"x":1974,"y":1374,"w":50,"h":50},
	"rotated": false,
	"trimmed": false,
	"spriteSourceSize": {"x":0,"y":0,"w":50,"h":50},
	"sourceSize": {"w":50,"h":50}
},
"buttonClose0000":
{
	"frame": {"x":1817,"y":1533,"w":67,"h":68},
	"rotated": false,
	"trimmed": false,
	"spriteSourceSize": {"x":0,"y":0,"w":67,"h":68},
	"sourceSize": {"w":67,"h":68}
},
"buttonClose0001":
{
	"frame": {"x":1824,"y":1603,"w":67,"h":68},
	"rotated": false,
	"trimmed": false,
	"spriteSourceSize": {"x":0,"y":0,"w":67,"h":68},
	"sourceSize": {"w":67,"h":68}
},
"buttonCloseTutorial0000":
{
	"frame": {"x":1756,"y":1224,"w":92,"h":92},
	"rotated": false,
	"trimmed": false,
	"spriteSourceSize": {"x":0,"y":0,"w":92,"h":92},
	"sourceSize": {"w":92,"h":92}
},
"buttonCloseTutorial0001":
{
	"frame": {"x":1756,"y":1318,"w":92,"h":92},
	"rotated": false,
	"trimmed": false,
	"spriteSourceSize": {"x":0,"y":0,"w":92,"h":92},
	"sourceSize": {"w":92,"h":92}
},
"buttonCreate0000":
{
	"frame": {"x":1810,"y":818,"w":104,"h":105},
	"rotated": false,
	"trimmed": false,
	"spriteSourceSize": {"x":0,"y":0,"w":104,"h":105},
	"sourceSize": {"w":104,"h":105}
},
"buttonDelete0000":
{
	"frame": {"x":1614,"y":1178,"w":42,"h":44},
	"rotated": false,
	"trimmed": false,
	"spriteSourceSize": {"x":0,"y":0,"w":42,"h":44},
	"sourceSize": {"w":42,"h":44}
},
"buttonEdit0000":
{
	"frame": {"x":1942,"y":1769,"w":51,"h":53},
	"rotated": false,
	"trimmed": false,
	"spriteSourceSize": {"x":0,"y":0,"w":51,"h":53},
	"sourceSize": {"w":51,"h":53}
},
"buttonHomeLevelsMenu0000":
{
	"frame": {"x":1138,"y":1230,"w":140,"h":140},
	"rotated": false,
	"trimmed": false,
	"spriteSourceSize": {"x":0,"y":0,"w":140,"h":140},
	"sourceSize": {"w":140,"h":140}
},
"buttonHomeLevelsMenu0001":
{
	"frame": {"x":1509,"y":496,"w":140,"h":140},
	"rotated": false,
	"trimmed": false,
	"spriteSourceSize": {"x":0,"y":0,"w":140,"h":140},
	"sourceSize": {"w":140,"h":140}
},
"buttonHomeLevelsMenu0002":
{
	"frame": {"x":1509,"y":638,"w":140,"h":140},
	"rotated": false,
	"trimmed": false,
	"spriteSourceSize": {"x":0,"y":0,"w":140,"h":140},
	"sourceSize": {"w":140,"h":140}
},
"buttonHomeLevelsMenu0003":
{
	"frame": {"x":1651,"y":496,"w":140,"h":140},
	"rotated": false,
	"trimmed": false,
	"spriteSourceSize": {"x":0,"y":0,"w":140,"h":140},
	"sourceSize": {"w":140,"h":140}
},
"buttonHomeLevelsMenu0004":
{
	"frame": {"x":1651,"y":638,"w":140,"h":140},
	"rotated": false,
	"trimmed": false,
	"spriteSourceSize": {"x":0,"y":0,"w":140,"h":140},
	"sourceSize": {"w":140,"h":140}
},
"buttonHomeMainMenu0000":
{
	"frame": {"x":1679,"y":916,"w":125,"h":130},
	"rotated": false,
	"trimmed": false,
	"spriteSourceSize": {"x":0,"y":0,"w":125,"h":130},
	"sourceSize": {"w":125,"h":130}
},
"buttonHomeMainMenu0001":
{
	"frame": {"x":1289,"y":991,"w":125,"h":130},
	"rotated": false,
	"trimmed": false,
	"spriteSourceSize": {"x":0,"y":0,"w":125,"h":130},
	"sourceSize": {"w":125,"h":130}
},
"buttonLevelsMainMenu0000":
{
	"frame": {"x":1416,"y":991,"w":125,"h":130},
	"rotated": false,
	"trimmed": false,
	"spriteSourceSize": {"x":0,"y":0,"w":125,"h":130},
	"sourceSize": {"w":125,"h":130}
},
"buttonLevelsMainMenu0001":
{
	"frame": {"x":1289,"y":1123,"w":125,"h":130},
	"rotated": false,
	"trimmed": false,
	"spriteSourceSize": {"x":0,"y":0,"w":125,"h":130},
	"sourceSize": {"w":125,"h":130}
},
"buttonMenu0000":
{
	"frame": {"x":1271,"y":1456,"w":118,"h":118},
	"rotated": false,
	"trimmed": false,
	"spriteSourceSize": {"x":0,"y":0,"w":118,"h":118},
	"sourceSize": {"w":118,"h":118}
},
"buttonMenuWhite0000":
{
	"frame": {"x":1629,"y":1489,"w":117,"h":118},
	"rotated": false,
	"trimmed": false,
	"spriteSourceSize": {"x":0,"y":0,"w":117,"h":118},
	"sourceSize": {"w":117,"h":118}
},
"buttonMoreMainMenu0000":
{
	"frame": {"x":1416,"y":1123,"w":125,"h":130},
	"rotated": false,
	"trimmed": false,
	"spriteSourceSize": {"x":0,"y":0,"w":125,"h":130},
	"sourceSize": {"w":125,"h":130}
},
"buttonMoreMainMenu0001":
{
	"frame": {"x":1543,"y":1046,"w":125,"h":130},
	"rotated": false,
	"trimmed": false,
	"spriteSourceSize": {"x":0,"y":0,"w":125,"h":130},
	"sourceSize": {"w":125,"h":130}
},
"buttonNextWhite0000":
{
	"frame": {"x":976,"y":1446,"w":117,"h":118},
	"rotated": false,
	"trimmed": false,
	"spriteSourceSize": {"x":0,"y":0,"w":117,"h":118},
	"sourceSize": {"w":117,"h":118}
},
"buttonPlay0000":
{
	"frame": {"x":650,"y":1749,"w":204,"h":209},
	"rotated": false,
	"trimmed": false,
	"spriteSourceSize": {"x":0,"y":0,"w":204,"h":209},
	"sourceSize": {"w":204,"h":209}
},
"buttonPlay0001":
{
	"frame": {"x":2,"y":1789,"w":204,"h":209},
	"rotated": false,
	"trimmed": false,
	"spriteSourceSize": {"x":0,"y":0,"w":204,"h":209},
	"sourceSize": {"w":204,"h":209}
},
"buttonPlaySong0000":
{
	"frame": {"x":1824,"y":1751,"w":52,"h":60},
	"rotated": false,
	"trimmed": false,
	"spriteSourceSize": {"x":0,"y":0,"w":52,"h":60},
	"sourceSize": {"w":52,"h":60}
},
"buttonRename0000":
{
	"frame": {"x":859,"y":547,"w":43,"h":59},
	"rotated": false,
	"trimmed": false,
	"spriteSourceSize": {"x":0,"y":0,"w":43,"h":59},
	"sourceSize": {"w":43,"h":59}
},
"buttonRestart0000":
{
	"frame": {"x":1411,"y":1369,"w":118,"h":118},
	"rotated": false,
	"trimmed": false,
	"spriteSourceSize": {"x":0,"y":0,"w":118,"h":118},
	"sourceSize": {"w":118,"h":118}
},
"buttonRestartWide0000":
{
	"frame": {"x":1252,"y":317,"w":253,"h":122},
	"rotated": false,
	"trimmed": false,
	"spriteSourceSize": {"x":0,"y":0,"w":253,"h":122},
	"sourceSize": {"w":253,"h":122}
},
"buttonSettings0000":
{
	"frame": {"x":1014,"y":1966,"w":80,"h":80},
	"rotated": false,
	"trimmed": false,
	"spriteSourceSize": {"x":0,"y":0,"w":80,"h":80},
	"sourceSize": {"w":80,"h":80}
},
"buttonSettings0001":
{
	"frame": {"x":1756,"y":1412,"w":80,"h":80},
	"rotated": false,
	"trimmed": false,
	"spriteSourceSize": {"x":0,"y":0,"w":80,"h":80},
	"sourceSize": {"w":80,"h":80}
},
"buttonSettingsMainMenu0000":
{
	"frame": {"x":1548,"y":780,"w":129,"h":134},
	"rotated": false,
	"trimmed": false,
	"spriteSourceSize": {"x":0,"y":0,"w":129,"h":134},
	"sourceSize": {"w":129,"h":134}
},
"buttonSettingsMainMenu0001":
{
	"frame": {"x":1679,"y":780,"w":129,"h":134},
	"rotated": false,
	"trimmed": false,
	"spriteSourceSize": {"x":0,"y":0,"w":129,"h":134},
	"sourceSize": {"w":129,"h":134}
},
"buttonSoundOff0000":
{
	"frame": {"x":1531,"y":1369,"w":117,"h":118},
	"rotated": false,
	"trimmed": false,
	"spriteSourceSize": {"x":0,"y":0,"w":117,"h":118},
	"sourceSize": {"w":117,"h":118}
},
"buttonSoundOn0000":
{
	"frame": {"x":1391,"y":1489,"w":117,"h":118},
	"rotated": false,
	"trimmed": false,
	"spriteSourceSize": {"x":0,"y":0,"w":117,"h":118},
	"sourceSize": {"w":117,"h":118}
},
"buttonTutorial0000":
{
	"frame": {"x":1510,"y":1489,"w":117,"h":118},
	"rotated": false,
	"trimmed": false,
	"spriteSourceSize": {"x":0,"y":0,"w":117,"h":118},
	"sourceSize": {"w":117,"h":118}
},
"defeatTile0000":
{
	"frame": {"x":490,"y":1185,"w":160,"h":280},
	"rotated": false,
	"trimmed": false,
	"spriteSourceSize": {"x":0,"y":0,"w":160,"h":280},
	"sourceSize": {"w":160,"h":280}
},
"editorTile0000":
{
	"frame": {"x":1810,"y":674,"w":82,"h":142},
	"rotated": false,
	"trimmed": false,
	"spriteSourceSize": {"x":0,"y":0,"w":82,"h":142},
	"sourceSize": {"w":82,"h":142}
},
"emptyNoteModel0000":
{
	"frame": {"x":1614,"y":1224,"w":34,"h":34},
	"rotated": false,
	"trimmed": false,
	"spriteSourceSize": {"x":0,"y":0,"w":34,"h":34},
	"sourceSize": {"w":34,"h":34}
},
"heart0000":
{
	"frame": {"x":1280,"y":1343,"w":129,"h":111},
	"rotated": false,
	"trimmed": false,
	"spriteSourceSize": {"x":0,"y":0,"w":129,"h":111},
	"sourceSize": {"w":129,"h":111}
},
"heartBackground0000":
{
	"frame": {"x":1462,"y":1255,"w":130,"h":112},
	"rotated": false,
	"trimmed": false,
	"spriteSourceSize": {"x":0,"y":0,"w":130,"h":112},
	"sourceSize": {"w":130,"h":112}
},
"iconBad0000":
{
	"frame": {"x":814,"y":1122,"w":149,"h":174},
	"rotated": false,
	"trimmed": false,
	"spriteSourceSize": {"x":0,"y":0,"w":149,"h":174},
	"sourceSize": {"w":149,"h":174}
},
"iconGood0000":
{
	"frame": {"x":588,"y":911,"w":205,"h":175},
	"rotated": false,
	"trimmed": false,
	"spriteSourceSize": {"x":0,"y":0,"w":205,"h":175},
	"sourceSize": {"w":205,"h":175}
},
"iconNormal0000":
{
	"frame": {"x":1107,"y":892,"w":149,"h":174},
	"rotated": false,
	"trimmed": false,
	"spriteSourceSize": {"x":0,"y":0,"w":149,"h":174},
	"sourceSize": {"w":149,"h":174}
},
"infinityIcon0000":
{
	"frame": {"x":1507,"y":394,"w":240,"h":100},
	"rotated": false,
	"trimmed": false,
	"spriteSourceSize": {"x":0,"y":0,"w":240,"h":100},
	"sourceSize": {"w":240,"h":100}
},
"informerPanel0000":
{
	"frame": {"x":2,"y":1111,"w":679,"h":72},
	"rotated": false,
	"trimmed": false,
	"spriteSourceSize": {"x":0,"y":0,"w":679,"h":72},
	"sourceSize": {"w":679,"h":72}
},
"levelProgressBar0000":
{
	"frame": {"x":1893,"y":1659,"w":150,"h":20},
	"rotated": false,
	"trimmed": false,
	"spriteSourceSize": {"x":0,"y":0,"w":150,"h":20},
	"sourceSize": {"w":150,"h":20}
},
"levelProgressBar0001":
{
	"frame": {"x":1882,"y":1681,"w":150,"h":20},
	"rotated": false,
	"trimmed": false,
	"spriteSourceSize": {"x":0,"y":0,"w":150,"h":20},
	"sourceSize": {"w":150,"h":20}
},
"levelProgressBar0002":
{
	"frame": {"x":1882,"y":1703,"w":150,"h":20},
	"rotated": false,
	"trimmed": false,
	"spriteSourceSize": {"x":0,"y":0,"w":150,"h":20},
	"sourceSize": {"w":150,"h":20}
},
"levelProgressBar0003":
{
	"frame": {"x":1882,"y":1725,"w":150,"h":20},
	"rotated": false,
	"trimmed": false,
	"spriteSourceSize": {"x":0,"y":0,"w":150,"h":20},
	"sourceSize": {"w":150,"h":20}
},
"levelProgressBar0004":
{
	"frame": {"x":1882,"y":1747,"w":150,"h":20},
	"rotated": false,
	"trimmed": false,
	"spriteSourceSize": {"x":0,"y":0,"w":150,"h":20},
	"sourceSize": {"w":150,"h":20}
},
"levelProgressBarBackground0000":
{
	"frame": {"x":1886,"y":1524,"w":150,"h":25},
	"rotated": false,
	"trimmed": false,
	"spriteSourceSize": {"x":0,"y":0,"w":150,"h":25},
	"sourceSize": {"w":150,"h":25}
},
"levelProgressBarBackground0001":
{
	"frame": {"x":1886,"y":1551,"w":150,"h":25},
	"rotated": false,
	"trimmed": false,
	"spriteSourceSize": {"x":0,"y":0,"w":150,"h":25},
	"sourceSize": {"w":150,"h":25}
},
"levelProgressBarBackground0002":
{
	"frame": {"x":1893,"y":1578,"w":150,"h":25},
	"rotated": false,
	"trimmed": false,
	"spriteSourceSize": {"x":0,"y":0,"w":150,"h":25},
	"sourceSize": {"w":150,"h":25}
},
"levelProgressBarBackground0003":
{
	"frame": {"x":1893,"y":1605,"w":150,"h":25},
	"rotated": false,
	"trimmed": false,
	"spriteSourceSize": {"x":0,"y":0,"w":150,"h":25},
	"sourceSize": {"w":150,"h":25}
},
"levelProgressBarBackground0004":
{
	"frame": {"x":1893,"y":1632,"w":150,"h":25},
	"rotated": false,
	"trimmed": false,
	"spriteSourceSize": {"x":0,"y":0,"w":150,"h":25},
	"sourceSize": {"w":150,"h":25}
},
"levelProgressBarStar0000":
{
	"frame": {"x":1219,"y":844,"w":34,"h":32},
	"rotated": false,
	"trimmed": false,
	"spriteSourceSize": {"x":0,"y":0,"w":34,"h":32},
	"sourceSize": {"w":34,"h":32}
},
"levelProgressBarStar0001":
{
	"frame": {"x":1509,"y":780,"w":34,"h":32},
	"rotated": false,
	"trimmed": false,
	"spriteSourceSize": {"x":0,"y":0,"w":34,"h":32},
	"sourceSize": {"w":34,"h":32}
},
"levelProgressBarStar0002":
{
	"frame": {"x":165,"y":2000,"w":34,"h":32},
	"rotated": false,
	"trimmed": false,
	"spriteSourceSize": {"x":0,"y":0,"w":34,"h":32},
	"sourceSize": {"w":34,"h":32}
},
"levelProgressBarStar0003":
{
	"frame": {"x":1171,"y":504,"w":34,"h":32},
	"rotated": false,
	"trimmed": false,
	"spriteSourceSize": {"x":0,"y":0,"w":34,"h":32},
	"sourceSize": {"w":34,"h":32}
},
"levelProgressBarStar0004":
{
	"frame": {"x":1095,"y":1487,"w":34,"h":32},
	"rotated": false,
	"trimmed": false,
	"spriteSourceSize": {"x":0,"y":0,"w":34,"h":32},
	"sourceSize": {"w":34,"h":32}
},
"levelProgressBarStar0005":
{
	"frame": {"x":1095,"y":1521,"w":34,"h":32},
	"rotated": false,
	"trimmed": false,
	"spriteSourceSize": {"x":0,"y":0,"w":34,"h":32},
	"sourceSize": {"w":34,"h":32}
},
"levelProgressBarStar0006":
{
	"frame": {"x":1207,"y":504,"w":34,"h":32},
	"rotated": false,
	"trimmed": false,
	"spriteSourceSize": {"x":0,"y":0,"w":34,"h":32},
	"sourceSize": {"w":34,"h":32}
},
"levelProgressBarStar0007":
{
	"frame": {"x":1806,"y":925,"w":34,"h":32},
	"rotated": false,
	"trimmed": false,
	"spriteSourceSize": {"x":0,"y":0,"w":34,"h":32},
	"sourceSize": {"w":34,"h":32}
},
"levelProgressBarStar0008":
{
	"frame": {"x":1806,"y":959,"w":34,"h":32},
	"rotated": false,
	"trimmed": false,
	"spriteSourceSize": {"x":0,"y":0,"w":34,"h":32},
	"sourceSize": {"w":34,"h":32}
},
"levelProgressBarStar0009":
{
	"frame": {"x":1806,"y":993,"w":34,"h":32},
	"rotated": false,
	"trimmed": false,
	"spriteSourceSize": {"x":0,"y":0,"w":34,"h":32},
	"sourceSize": {"w":34,"h":32}
},
"longTileFinishEffect0000":
{
	"frame": {"x":583,"y":332,"w":274,"h":275},
	"rotated": false,
	"trimmed": false,
	"spriteSourceSize": {"x":0,"y":0,"w":274,"h":275},
	"sourceSize": {"w":274,"h":275}
},
"longTileHoldAnim0000":
{
	"frame": {"x":208,"y":1789,"w":111,"h":112},
	"rotated": false,
	"trimmed": false,
	"spriteSourceSize": {"x":0,"y":0,"w":111,"h":112},
	"sourceSize": {"w":111,"h":112}
},
"longTileHoldAnim0001":
{
	"frame": {"x":208,"y":1903,"w":111,"h":112},
	"rotated": false,
	"trimmed": false,
	"spriteSourceSize": {"x":0,"y":0,"w":111,"h":112},
	"sourceSize": {"w":111,"h":112}
},
"longTileHoldAnim0002":
{
	"frame": {"x":1146,"y":1510,"w":111,"h":112},
	"rotated": false,
	"trimmed": false,
	"spriteSourceSize": {"x":0,"y":0,"w":111,"h":112},
	"sourceSize": {"w":111,"h":112}
},
"longTileHoldAnim0003":
{
	"frame": {"x":1146,"y":1624,"w":111,"h":112},
	"rotated": false,
	"trimmed": false,
	"spriteSourceSize": {"x":0,"y":0,"w":111,"h":112},
	"sourceSize": {"w":111,"h":112}
},
"longTileHoldAnim0004":
{
	"frame": {"x":1259,"y":1576,"w":111,"h":112},
	"rotated": false,
	"trimmed": false,
	"spriteSourceSize": {"x":0,"y":0,"w":111,"h":112},
	"sourceSize": {"w":111,"h":112}
},
"longTileHoldAnim0005":
{
	"frame": {"x":1372,"y":1609,"w":111,"h":112},
	"rotated": false,
	"trimmed": false,
	"spriteSourceSize": {"x":0,"y":0,"w":111,"h":112},
	"sourceSize": {"w":111,"h":112}
},
"longTileHoldAnim0006":
{
	"frame": {"x":1485,"y":1609,"w":111,"h":112},
	"rotated": false,
	"trimmed": false,
	"spriteSourceSize": {"x":0,"y":0,"w":111,"h":112},
	"sourceSize": {"w":111,"h":112}
},
"longTileHoldAnim0007":
{
	"frame": {"x":1598,"y":1609,"w":111,"h":112},
	"rotated": false,
	"trimmed": false,
	"spriteSourceSize": {"x":0,"y":0,"w":111,"h":112},
	"sourceSize": {"w":111,"h":112}
},
"longTileHoldAnim0008":
{
	"frame": {"x":1259,"y":1690,"w":111,"h":112},
	"rotated": false,
	"trimmed": false,
	"spriteSourceSize": {"x":0,"y":0,"w":111,"h":112},
	"sourceSize": {"w":111,"h":112}
},
"longTileHoldAnim0009":
{
	"frame": {"x":1372,"y":1723,"w":111,"h":112},
	"rotated": false,
	"trimmed": false,
	"spriteSourceSize": {"x":0,"y":0,"w":111,"h":112},
	"sourceSize": {"w":111,"h":112}
},
"longTileHoldAnim0010":
{
	"frame": {"x":1485,"y":1723,"w":111,"h":112},
	"rotated": false,
	"trimmed": false,
	"spriteSourceSize": {"x":0,"y":0,"w":111,"h":112},
	"sourceSize": {"w":111,"h":112}
},
"longTileHoldAnim0011":
{
	"frame": {"x":1598,"y":1723,"w":111,"h":112},
	"rotated": false,
	"trimmed": false,
	"spriteSourceSize": {"x":0,"y":0,"w":111,"h":112},
	"sourceSize": {"w":111,"h":112}
},
"longTileHoldAnim0012":
{
	"frame": {"x":1711,"y":1609,"w":111,"h":112},
	"rotated": false,
	"trimmed": false,
	"spriteSourceSize": {"x":0,"y":0,"w":111,"h":112},
	"sourceSize": {"w":111,"h":112}
},
"longTileHoldAnim0013":
{
	"frame": {"x":1711,"y":1723,"w":111,"h":112},
	"rotated": false,
	"trimmed": false,
	"spriteSourceSize": {"x":0,"y":0,"w":111,"h":112},
	"sourceSize": {"w":111,"h":112}
},
"longTileHoldAnim0014":
{
	"frame": {"x":1058,"y":1738,"w":111,"h":112},
	"rotated": false,
	"trimmed": false,
	"spriteSourceSize": {"x":0,"y":0,"w":111,"h":112},
	"sourceSize": {"w":111,"h":112}
},
"longTileHoldAnim0015":
{
	"frame": {"x":1058,"y":1852,"w":111,"h":112},
	"rotated": false,
	"trimmed": false,
	"spriteSourceSize": {"x":0,"y":0,"w":111,"h":112},
	"sourceSize": {"w":111,"h":112}
},
"longTileHoldAnim0016":
{
	"frame": {"x":1171,"y":1804,"w":111,"h":112},
	"rotated": false,
	"trimmed": false,
	"spriteSourceSize": {"x":0,"y":0,"w":111,"h":112},
	"sourceSize": {"w":111,"h":112}
},
"longTileHoldAnim0017":
{
	"frame": {"x":1171,"y":1918,"w":111,"h":112},
	"rotated": false,
	"trimmed": false,
	"spriteSourceSize": {"x":0,"y":0,"w":111,"h":112},
	"sourceSize": {"w":111,"h":112}
},
"longTileHoldAnim0018":
{
	"frame": {"x":1284,"y":1837,"w":111,"h":112},
	"rotated": false,
	"trimmed": false,
	"spriteSourceSize": {"x":0,"y":0,"w":111,"h":112},
	"sourceSize": {"w":111,"h":112}
},
"longTileHoldAnim0019":
{
	"frame": {"x":1397,"y":1837,"w":111,"h":112},
	"rotated": false,
	"trimmed": false,
	"spriteSourceSize": {"x":0,"y":0,"w":111,"h":112},
	"sourceSize": {"w":111,"h":112}
},
"longTileHoldAnim0020":
{
	"frame": {"x":1510,"y":1837,"w":111,"h":112},
	"rotated": false,
	"trimmed": false,
	"spriteSourceSize": {"x":0,"y":0,"w":111,"h":112},
	"sourceSize": {"w":111,"h":112}
},
"longTileHoldAnim0021":
{
	"frame": {"x":1623,"y":1837,"w":111,"h":112},
	"rotated": false,
	"trimmed": false,
	"spriteSourceSize": {"x":0,"y":0,"w":111,"h":112},
	"sourceSize": {"w":111,"h":112}
},
"longTileLine0000":
{
	"frame": {"x":2022,"y":677,"w":4,"h":561},
	"rotated": false,
	"trimmed": false,
	"spriteSourceSize": {"x":0,"y":0,"w":4,"h":561},
	"sourceSize": {"w":4,"h":561}
},
"longTilePart0000":
{
	"frame": {"x":745,"y":609,"w":160,"h":280},
	"rotated": false,
	"trimmed": false,
	"spriteSourceSize": {"x":0,"y":0,"w":160,"h":280},
	"sourceSize": {"w":160,"h":280}
},
"longTilePart0001":
{
	"frame": {"x":652,"y":1185,"w":160,"h":280},
	"rotated": false,
	"trimmed": false,
	"spriteSourceSize": {"x":0,"y":0,"w":160,"h":280},
	"sourceSize": {"w":160,"h":280}
},
"longTilePart0002":
{
	"frame": {"x":488,"y":1469,"w":160,"h":280},
	"rotated": false,
	"trimmed": false,
	"spriteSourceSize": {"x":0,"y":0,"w":160,"h":280},
	"sourceSize": {"w":160,"h":280}
},
"longTilePart0003":
{
	"frame": {"x":650,"y":1467,"w":160,"h":280},
	"rotated": false,
	"trimmed": false,
	"spriteSourceSize": {"x":0,"y":0,"w":160,"h":280},
	"sourceSize": {"w":160,"h":280}
},
"longTilePart0004":
{
	"frame": {"x":812,"y":1467,"w":160,"h":280},
	"rotated": false,
	"trimmed": false,
	"spriteSourceSize": {"x":0,"y":0,"w":160,"h":280},
	"sourceSize": {"w":160,"h":280}
},
"longTileStartPoint0000":
{
	"frame": {"x":1965,"y":522,"w":68,"h":153},
	"rotated": false,
	"trimmed": false,
	"spriteSourceSize": {"x":0,"y":0,"w":68,"h":153},
	"sourceSize": {"w":68,"h":153}
},
"mainLogo0000":
{
	"frame": {"x":2,"y":332,"w":579,"h":462},
	"rotated": false,
	"trimmed": false,
	"spriteSourceSize": {"x":0,"y":0,"w":579,"h":462},
	"sourceSize": {"w":579,"h":462}
},
"note0000":
{
	"frame": {"x":2,"y":2000,"w":161,"h":33},
	"rotated": false,
	"trimmed": false,
	"spriteSourceSize": {"x":0,"y":0,"w":161,"h":33},
	"sourceSize": {"w":161,"h":33}
},
"note0001":
{
	"frame": {"x":1850,"y":1261,"w":161,"h":33},
	"rotated": false,
	"trimmed": false,
	"spriteSourceSize": {"x":0,"y":0,"w":161,"h":33},
	"sourceSize": {"w":161,"h":33}
},
"noteModel0000":
{
	"frame": {"x":1987,"y":845,"w":33,"h":34},
	"rotated": false,
	"trimmed": false,
	"spriteSourceSize": {"x":0,"y":0,"w":33,"h":34},
	"sourceSize": {"w":33,"h":34}
},
"noteProgress0000":
{
	"frame": {"x":1852,"y":925,"w":31,"h":330},
	"rotated": false,
	"trimmed": false,
	"spriteSourceSize": {"x":0,"y":0,"w":31,"h":330},
	"sourceSize": {"w":31,"h":330}
},
"particle0000":
{
	"frame": {"x":859,"y":332,"w":69,"h":70},
	"rotated": false,
	"trimmed": false,
	"spriteSourceSize": {"x":0,"y":0,"w":69,"h":70},
	"sourceSize": {"w":69,"h":70}
},
"particle0001":
{
	"frame": {"x":1171,"y":432,"w":69,"h":70},
	"rotated": false,
	"trimmed": false,
	"spriteSourceSize": {"x":0,"y":0,"w":69,"h":70},
	"sourceSize": {"w":69,"h":70}
},
"particle0002":
{
	"frame": {"x":1916,"y":845,"w":69,"h":70},
	"rotated": false,
	"trimmed": false,
	"spriteSourceSize": {"x":0,"y":0,"w":69,"h":70},
	"sourceSize": {"w":69,"h":70}
},
"particle0003":
{
	"frame": {"x":1543,"y":1178,"w":69,"h":70},
	"rotated": false,
	"trimmed": false,
	"spriteSourceSize": {"x":0,"y":0,"w":69,"h":70},
	"sourceSize": {"w":69,"h":70}
},
"particle0004":
{
	"frame": {"x":1096,"y":1966,"w":69,"h":70},
	"rotated": false,
	"trimmed": false,
	"spriteSourceSize": {"x":0,"y":0,"w":69,"h":70},
	"sourceSize": {"w":69,"h":70}
},
"perfectTapLine0000":
{
	"frame": {"x":2,"y":2,"w":936,"h":328},
	"rotated": false,
	"trimmed": false,
	"spriteSourceSize": {"x":0,"y":0,"w":936,"h":328},
	"sourceSize": {"w":936,"h":328}
},
"playSongButton0000":
{
	"frame": {"x":974,"y":1566,"w":170,"h":74},
	"rotated": false,
	"trimmed": false,
	"spriteSourceSize": {"x":0,"y":0,"w":170,"h":74},
	"sourceSize": {"w":170,"h":74}
},
"playSongButton0001":
{
	"frame": {"x":974,"y":1642,"w":170,"h":74},
	"rotated": false,
	"trimmed": false,
	"spriteSourceSize": {"x":0,"y":0,"w":170,"h":74},
	"sourceSize": {"w":170,"h":74}
},
"playSongButton0002":
{
	"frame": {"x":1852,"y":446,"w":170,"h":74},
	"rotated": false,
	"trimmed": false,
	"spriteSourceSize": {"x":0,"y":0,"w":170,"h":74},
	"sourceSize": {"w":170,"h":74}
},
"playSongButton0003":
{
	"frame": {"x":1793,"y":522,"w":170,"h":74},
	"rotated": false,
	"trimmed": false,
	"spriteSourceSize": {"x":0,"y":0,"w":170,"h":74},
	"sourceSize": {"w":170,"h":74}
},
"playSongButton0004":
{
	"frame": {"x":1793,"y":598,"w":170,"h":74},
	"rotated": false,
	"trimmed": false,
	"spriteSourceSize": {"x":0,"y":0,"w":170,"h":74},
	"sourceSize": {"w":170,"h":74}
},
"recordIcon0000":
{
	"frame": {"x":1990,"y":1296,"w":56,"h":76},
	"rotated": false,
	"trimmed": false,
	"spriteSourceSize": {"x":0,"y":0,"w":56,"h":76},
	"sourceSize": {"w":56,"h":76}
},
"recordIcon0001":
{
	"frame": {"x":1824,"y":1673,"w":56,"h":76},
	"rotated": false,
	"trimmed": false,
	"spriteSourceSize": {"x":0,"y":0,"w":56,"h":76},
	"sourceSize": {"w":56,"h":76}
},
"redCircle0000":
{
	"frame": {"x":1987,"y":881,"w":33,"h":33},
	"rotated": false,
	"trimmed": false,
	"spriteSourceSize": {"x":0,"y":0,"w":33,"h":33},
	"sourceSize": {"w":33,"h":33}
},
"scoresIcon0000":
{
	"frame": {"x":1171,"y":1738,"w":58,"h":59},
	"rotated": false,
	"trimmed": false,
	"spriteSourceSize": {"x":0,"y":0,"w":58,"h":59},
	"sourceSize": {"w":58,"h":59}
},
"selectColorSign0000":
{
	"frame": {"x":1878,"y":1769,"w":62,"h":47},
	"rotated": false,
	"trimmed": false,
	"spriteSourceSize": {"x":0,"y":0,"w":62,"h":47},
	"sourceSize": {"w":62,"h":47}
},
"settingsIcon0000":
{
	"frame": {"x":1850,"y":1296,"w":69,"h":70},
	"rotated": false,
	"trimmed": false,
	"spriteSourceSize": {"x":0,"y":0,"w":69,"h":70},
	"sourceSize": {"w":69,"h":70}
},
"settingsIconBig0000":
{
	"frame": {"x":856,"y":1749,"w":200,"h":200},
	"rotated": false,
	"trimmed": false,
	"spriteSourceSize": {"x":0,"y":0,"w":200,"h":200},
	"sourceSize": {"w":200,"h":200}
},
"shiningEffect0000":
{
	"frame": {"x":1995,"y":1769,"w":47,"h":48},
	"rotated": false,
	"trimmed": false,
	"spriteSourceSize": {"x":0,"y":0,"w":47,"h":48},
	"sourceSize": {"w":47,"h":48}
},
"signBad0000":
{
	"frame": {"x":1736,"y":1837,"w":109,"h":108},
	"rotated": false,
	"trimmed": false,
	"spriteSourceSize": {"x":0,"y":0,"w":109,"h":108},
	"sourceSize": {"w":109,"h":108}
},
"signGood0000":
{
	"frame": {"x":1526,"y":284,"w":339,"h":108},
	"rotated": false,
	"trimmed": false,
	"spriteSourceSize": {"x":0,"y":0,"w":339,"h":108},
	"sourceSize": {"w":339,"h":108}
},
"signNormal0000":
{
	"frame": {"x":1258,"y":441,"w":224,"h":107},
	"rotated": false,
	"trimmed": false,
	"spriteSourceSize": {"x":0,"y":0,"w":224,"h":107},
	"sourceSize": {"w":224,"h":107}
},
"songAuthorIcon0000":
{
	"frame": {"x":1991,"y":916,"w":27,"h":32},
	"rotated": false,
	"trimmed": false,
	"spriteSourceSize": {"x":0,"y":0,"w":27,"h":32},
	"sourceSize": {"w":27,"h":32}
},
"songPanel0000":
{
	"frame": {"x":940,"y":175,"w":584,"h":140},
	"rotated": false,
	"trimmed": false,
	"spriteSourceSize": {"x":0,"y":0,"w":584,"h":140},
	"sourceSize": {"w":584,"h":140}
},
"songPanel0001":
{
	"frame": {"x":2,"y":969,"w":584,"h":140},
	"rotated": false,
	"trimmed": false,
	"spriteSourceSize": {"x":0,"y":0,"w":584,"h":140},
	"sourceSize": {"w":584,"h":140}
},
"songScoresIcon0000":
{
	"frame": {"x":1258,"y":991,"w":29,"h":32},
	"rotated": false,
	"trimmed": false,
	"spriteSourceSize": {"x":0,"y":0,"w":29,"h":32},
	"sourceSize": {"w":29,"h":32}
},
"songStarsPanel0000":
{
	"frame": {"x":1850,"y":1368,"w":122,"h":37},
	"rotated": false,
	"trimmed": false,
	"spriteSourceSize": {"x":0,"y":0,"w":122,"h":37},
	"sourceSize": {"w":122,"h":37}
},
"songStarsPanel0001":
{
	"frame": {"x":1850,"y":1407,"w":122,"h":37},
	"rotated": false,
	"trimmed": false,
	"spriteSourceSize": {"x":0,"y":0,"w":122,"h":37},
	"sourceSize": {"w":122,"h":37}
},
"songStarsPanel0002":
{
	"frame": {"x":1838,"y":1446,"w":122,"h":37},
	"rotated": false,
	"trimmed": false,
	"spriteSourceSize": {"x":0,"y":0,"w":122,"h":37},
	"sourceSize": {"w":122,"h":37}
},
"songStarsPanel0003":
{
	"frame": {"x":1879,"y":1485,"w":122,"h":37},
	"rotated": false,
	"trimmed": false,
	"spriteSourceSize": {"x":0,"y":0,"w":122,"h":37},
	"sourceSize": {"w":122,"h":37}
},
"songTitleIcon0000":
{
	"frame": {"x":1284,"y":1804,"w":25,"h":30},
	"rotated": false,
	"trimmed": false,
	"spriteSourceSize": {"x":0,"y":0,"w":25,"h":30},
	"sourceSize": {"w":25,"h":30}
},
"splitterLine0000":
{
	"frame": {"x":2035,"y":2,"w":4,"h":1138},
	"rotated": false,
	"trimmed": false,
	"spriteSourceSize": {"x":0,"y":0,"w":4,"h":1138},
	"sourceSize": {"w":4,"h":1138}
},
"starBig0000":
{
	"frame": {"x":1138,"y":1372,"w":131,"h":136},
	"rotated": false,
	"trimmed": false,
	"spriteSourceSize": {"x":0,"y":0,"w":131,"h":136},
	"sourceSize": {"w":131,"h":136}
},
"starBigDisabled0000":
{
	"frame": {"x":1548,"y":916,"w":129,"h":128},
	"rotated": false,
	"trimmed": false,
	"spriteSourceSize": {"x":0,"y":0,"w":129,"h":128},
	"sourceSize": {"w":129,"h":128}
},
"starSmall0000":
{
	"frame": {"x":1921,"y":1296,"w":67,"h":70},
	"rotated": false,
	"trimmed": false,
	"spriteSourceSize": {"x":0,"y":0,"w":67,"h":70},
	"sourceSize": {"w":67,"h":70}
},
"starSmall0001":
{
	"frame": {"x":1748,"y":1533,"w":67,"h":70},
	"rotated": false,
	"trimmed": false,
	"spriteSourceSize": {"x":0,"y":0,"w":67,"h":70},
	"sourceSize": {"w":67,"h":70}
},
"startText0000":
{
	"frame": {"x":1748,"y":1494,"w":129,"h":37},
	"rotated": false,
	"trimmed": false,
	"spriteSourceSize": {"x":0,"y":0,"w":129,"h":37},
	"sourceSize": {"w":129,"h":37}
},
"tapAnim0000":
{
	"frame": {"x":1284,"y":1951,"w":104,"h":82},
	"rotated": false,
	"trimmed": false,
	"spriteSourceSize": {"x":0,"y":0,"w":104,"h":82},
	"sourceSize": {"w":104,"h":82}
},
"tapAnim0001":
{
	"frame": {"x":1390,"y":1951,"w":104,"h":82},
	"rotated": false,
	"trimmed": false,
	"spriteSourceSize": {"x":0,"y":0,"w":104,"h":82},
	"sourceSize": {"w":104,"h":82}
},
"tapAnim0002":
{
	"frame": {"x":1496,"y":1951,"w":104,"h":82},
	"rotated": false,
	"trimmed": false,
	"spriteSourceSize": {"x":0,"y":0,"w":104,"h":82},
	"sourceSize": {"w":104,"h":82}
},
"tapAnim0003":
{
	"frame": {"x":1602,"y":1951,"w":104,"h":82},
	"rotated": false,
	"trimmed": false,
	"spriteSourceSize": {"x":0,"y":0,"w":104,"h":82},
	"sourceSize": {"w":104,"h":82}
},
"tapAnim0004":
{
	"frame": {"x":683,"y":1088,"w":104,"h":82},
	"rotated": false,
	"trimmed": false,
	"spriteSourceSize": {"x":0,"y":0,"w":104,"h":82},
	"sourceSize": {"w":104,"h":82}
},
"tapAnim0005":
{
	"frame": {"x":1894,"y":677,"w":104,"h":82},
	"rotated": false,
	"trimmed": false,
	"spriteSourceSize": {"x":0,"y":0,"w":104,"h":82},
	"sourceSize": {"w":104,"h":82}
},
"tapAnim0006":
{
	"frame": {"x":1885,"y":925,"w":104,"h":82},
	"rotated": false,
	"trimmed": false,
	"spriteSourceSize": {"x":0,"y":0,"w":104,"h":82},
	"sourceSize": {"w":104,"h":82}
},
"tapAnim0007":
{
	"frame": {"x":1885,"y":1009,"w":104,"h":82},
	"rotated": false,
	"trimmed": false,
	"spriteSourceSize": {"x":0,"y":0,"w":104,"h":82},
	"sourceSize": {"w":104,"h":82}
},
"tapAnim0008":
{
	"frame": {"x":1885,"y":1093,"w":104,"h":82},
	"rotated": false,
	"trimmed": false,
	"spriteSourceSize": {"x":0,"y":0,"w":104,"h":82},
	"sourceSize": {"w":104,"h":82}
},
"tapAnim0009":
{
	"frame": {"x":1885,"y":1177,"w":104,"h":82},
	"rotated": false,
	"trimmed": false,
	"spriteSourceSize": {"x":0,"y":0,"w":104,"h":82},
	"sourceSize": {"w":104,"h":82}
},
"tapAnim0010":
{
	"frame": {"x":1708,"y":1951,"w":104,"h":82},
	"rotated": false,
	"trimmed": false,
	"spriteSourceSize": {"x":0,"y":0,"w":104,"h":82},
	"sourceSize": {"w":104,"h":82}
},
"tapAnim0011":
{
	"frame": {"x":1814,"y":1947,"w":104,"h":82},
	"rotated": false,
	"trimmed": false,
	"spriteSourceSize": {"x":0,"y":0,"w":104,"h":82},
	"sourceSize": {"w":104,"h":82}
},
"tapAnim0012":
{
	"frame": {"x":1916,"y":761,"w":104,"h":82},
	"rotated": false,
	"trimmed": false,
	"spriteSourceSize": {"x":0,"y":0,"w":104,"h":82},
	"sourceSize": {"w":104,"h":82}
},
"tapAnim0013":
{
	"frame": {"x":1650,"y":1224,"w":104,"h":82},
	"rotated": false,
	"trimmed": false,
	"spriteSourceSize": {"x":0,"y":0,"w":104,"h":82},
	"sourceSize": {"w":104,"h":82}
},
"tapAnim0014":
{
	"frame": {"x":1650,"y":1308,"w":104,"h":82},
	"rotated": false,
	"trimmed": false,
	"spriteSourceSize": {"x":0,"y":0,"w":104,"h":82},
	"sourceSize": {"w":104,"h":82}
},
"tapAnim0015":
{
	"frame": {"x":1650,"y":1392,"w":104,"h":82},
	"rotated": false,
	"trimmed": false,
	"spriteSourceSize": {"x":0,"y":0,"w":104,"h":82},
	"sourceSize": {"w":104,"h":82}
},
"tapCircle0000":
{
	"frame": {"x":1258,"y":1025,"w":29,"h":30},
	"rotated": false,
	"trimmed": false,
	"spriteSourceSize": {"x":0,"y":0,"w":29,"h":30},
	"sourceSize": {"w":29,"h":30}
},
"tile0000":
{
	"frame": {"x":1526,"y":2,"w":160,"h":280},
	"rotated": false,
	"trimmed": false,
	"spriteSourceSize": {"x":0,"y":0,"w":160,"h":280},
	"sourceSize": {"w":160,"h":280}
},
"tile0001":
{
	"frame": {"x":1688,"y":2,"w":160,"h":280},
	"rotated": false,
	"trimmed": false,
	"spriteSourceSize": {"x":0,"y":0,"w":160,"h":280},
	"sourceSize": {"w":160,"h":280}
},
"tile0002":
{
	"frame": {"x":1850,"y":2,"w":160,"h":280},
	"rotated": false,
	"trimmed": false,
	"spriteSourceSize": {"x":0,"y":0,"w":160,"h":280},
	"sourceSize": {"w":160,"h":280}
},
"tile0003":
{
	"frame": {"x":326,"y":1751,"w":160,"h":280},
	"rotated": false,
	"trimmed": false,
	"spriteSourceSize": {"x":0,"y":0,"w":160,"h":280},
	"sourceSize": {"w":160,"h":280}
},
"tile0004":
{
	"frame": {"x":488,"y":1751,"w":160,"h":280},
	"rotated": false,
	"trimmed": false,
	"spriteSourceSize": {"x":0,"y":0,"w":160,"h":280},
	"sourceSize": {"w":160,"h":280}
},
"tilePressed0000":
{
	"frame": {"x":326,"y":1469,"w":160,"h":280},
	"rotated": false,
	"trimmed": false,
	"spriteSourceSize": {"x":0,"y":0,"w":160,"h":280},
	"sourceSize": {"w":160,"h":280}
},
"tileTail0000":
{
	"frame": {"x":814,"y":1298,"w":160,"h":160},
	"rotated": false,
	"trimmed": false,
	"spriteSourceSize": {"x":0,"y":0,"w":160,"h":160},
	"sourceSize": {"w":160,"h":160}
},
"tileTail0001":
{
	"frame": {"x":965,"y":1122,"w":160,"h":160},
	"rotated": false,
	"trimmed": false,
	"spriteSourceSize": {"x":0,"y":0,"w":160,"h":160},
	"sourceSize": {"w":160,"h":160}
},
"tileTail0002":
{
	"frame": {"x":976,"y":1284,"w":160,"h":160},
	"rotated": false,
	"trimmed": false,
	"spriteSourceSize": {"x":0,"y":0,"w":160,"h":160},
	"sourceSize": {"w":160,"h":160}
},
"tileTail0003":
{
	"frame": {"x":1867,"y":284,"w":160,"h":160},
	"rotated": false,
	"trimmed": false,
	"spriteSourceSize": {"x":0,"y":0,"w":160,"h":160},
	"sourceSize": {"w":160,"h":160}
},
"tileTail0004":
{
	"frame": {"x":1127,"y":1068,"w":160,"h":160},
	"rotated": false,
	"trimmed": false,
	"spriteSourceSize": {"x":0,"y":0,"w":160,"h":160},
	"sourceSize": {"w":160,"h":160}
},
"tileTransition0000":
{
	"frame": {"x":326,"y":1185,"w":162,"h":282},
	"rotated": false,
	"trimmed": false,
	"spriteSourceSize": {"x":0,"y":0,"w":162,"h":282},
	"sourceSize": {"w":162,"h":282}
},
"transitionSquare0000":
{
	"frame": {"x":1974,"y":1426,"w":50,"h":50},
	"rotated": false,
	"trimmed": false,
	"spriteSourceSize": {"x":0,"y":0,"w":50,"h":50},
	"sourceSize": {"w":50,"h":50}
},
"uiBackgroundDarkPanel0000":
{
	"frame": {"x":1749,"y":394,"w":100,"h":100},
	"rotated": false,
	"trimmed": false,
	"spriteSourceSize": {"x":0,"y":0,"w":100,"h":100},
	"sourceSize": {"w":100,"h":100}
},
"waveFront0000":
{
	"frame": {"x":650,"y":1960,"w":180,"h":86},
	"rotated": false,
	"trimmed": false,
	"spriteSourceSize": {"x":0,"y":0,"w":180,"h":86},
	"sourceSize": {"w":180,"h":86}
},
"waveFront0001":
{
	"frame": {"x":832,"y":1960,"w":180,"h":86},
	"rotated": false,
	"trimmed": false,
	"spriteSourceSize": {"x":0,"y":0,"w":180,"h":86},
	"sourceSize": {"w":180,"h":86}
},
"waveFront0002":
{
	"frame": {"x":1280,"y":1255,"w":180,"h":86},
	"rotated": false,
	"trimmed": false,
	"spriteSourceSize": {"x":0,"y":0,"w":180,"h":86},
	"sourceSize": {"w":180,"h":86}
},
"waveFront0003":
{
	"frame": {"x":1670,"y":1048,"w":180,"h":86},
	"rotated": false,
	"trimmed": false,
	"spriteSourceSize": {"x":0,"y":0,"w":180,"h":86},
	"sourceSize": {"w":180,"h":86}
},
"waveFront0004":
{
	"frame": {"x":1670,"y":1136,"w":180,"h":86},
	"rotated": false,
	"trimmed": false,
	"spriteSourceSize": {"x":0,"y":0,"w":180,"h":86},
	"sourceSize": {"w":180,"h":86}
},
"waveTail0000":
{
	"frame": {"x":583,"y":609,"w":160,"h":300},
	"rotated": false,
	"trimmed": false,
	"spriteSourceSize": {"x":0,"y":0,"w":160,"h":300},
	"sourceSize": {"w":160,"h":300}
},
"waveTail0001":
{
	"frame": {"x":2,"y":1185,"w":160,"h":300},
	"rotated": false,
	"trimmed": false,
	"spriteSourceSize": {"x":0,"y":0,"w":160,"h":300},
	"sourceSize": {"w":160,"h":300}
},
"waveTail0002":
{
	"frame": {"x":2,"y":1487,"w":160,"h":300},
	"rotated": false,
	"trimmed": false,
	"spriteSourceSize": {"x":0,"y":0,"w":160,"h":300},
	"sourceSize": {"w":160,"h":300}
},
"waveTail0003":
{
	"frame": {"x":164,"y":1185,"w":160,"h":300},
	"rotated": false,
	"trimmed": false,
	"spriteSourceSize": {"x":0,"y":0,"w":160,"h":300},
	"sourceSize": {"w":160,"h":300}
},
"waveTail0004":
{
	"frame": {"x":164,"y":1487,"w":160,"h":300},
	"rotated": false,
	"trimmed": false,
	"spriteSourceSize": {"x":0,"y":0,"w":160,"h":300},
	"sourceSize": {"w":160,"h":300}
}},
"meta": {
	"app": "Adobe Flash Professional",
	"version": "15.0.1.179",
	"image": "graphics.png",
	"format": "RGBA8888",
	"size": {"w":2048,"h":2048},
	"scale": "1"
}
}
