{
    "frames": {
        "Ball2": {
            "frame": {
                "x": 1443,
                "y": 0,
                "w": 150,
                "h": 150
            },
            "rotated": false,
            "trimmed": false,
            "spriteSourceSize": {
                "x": 0,
                "y": 0,
                "w": 150,
                "h": 150
            },
            "sourceSize": {
                "w": 150,
                "h": 150
            }
        },
        "balon": {
            "frame": {
                "x": 1443,
                "y": 881,
                "w": 128,
                "h": 128
            },
            "rotated": false,
            "trimmed": false,
            "spriteSourceSize": {
                "x": 0,
                "y": 0,
                "w": 128,
                "h": 128
            },
            "sourceSize": {
                "w": 128,
                "h": 128
            }
        },
        "blank": {
            "frame": {
                "x": 159,
                "y": 1712,
                "w": 10,
                "h": 10
            },
            "rotated": false,
            "trimmed": false,
            "spriteSourceSize": {
                "x": 0,
                "y": 0,
                "w": 10,
                "h": 10
            },
            "sourceSize": {
                "w": 10,
                "h": 10
            }
        },
        "btn_g_s_0": {
            "frame": {
                "x": 0,
                "y": 1444,
                "w": 350,
                "h": 160
            },
            "rotated": false,
            "trimmed": false,
            "spriteSourceSize": {
                "x": 0,
                "y": 0,
                "w": 350,
                "h": 160
            },
            "sourceSize": {
                "w": 350,
                "h": 160
            }
        },
        "btn_g_s_1": {
            "frame": {
                "x": 351,
                "y": 1444,
                "w": 350,
                "h": 160
            },
            "rotated": false,
            "trimmed": false,
            "spriteSourceSize": {
                "x": 0,
                "y": 0,
                "w": 350,
                "h": 160
            },
            "sourceSize": {
                "w": 350,
                "h": 160
            }
        },
        "button_menu_0": {
            "frame": {
                "x": 159,
                "y": 1631,
                "w": 80,
                "h": 80
            },
            "rotated": false,
            "trimmed": false,
            "spriteSourceSize": {
                "x": 0,
                "y": 0,
                "w": 80,
                "h": 80
            },
            "sourceSize": {
                "w": 80,
                "h": 80
            }
        },
        "button_menu_1": {
            "frame": {
                "x": 240,
                "y": 1631,
                "w": 80,
                "h": 80
            },
            "rotated": false,
            "trimmed": false,
            "spriteSourceSize": {
                "x": 0,
                "y": 0,
                "w": 80,
                "h": 80
            },
            "sourceSize": {
                "w": 80,
                "h": 80
            }
        },
        "buttons_2_0": {
            "frame": {
                "x": 1435,
                "y": 1631,
                "w": 50,
                "h": 75
            },
            "rotated": false,
            "trimmed": false,
            "spriteSourceSize": {
                "x": 0,
                "y": 0,
                "w": 50,
                "h": 75
            },
            "sourceSize": {
                "w": 50,
                "h": 75
            }
        },
        "buttons_2_1": {
            "frame": {
                "x": 1486,
                "y": 1631,
                "w": 50,
                "h": 75
            },
            "rotated": false,
            "trimmed": false,
            "spriteSourceSize": {
                "x": 0,
                "y": 0,
                "w": 50,
                "h": 75
            },
            "sourceSize": {
                "w": 50,
                "h": 75
            }
        },
        "buttons_2_2": {
            "frame": {
                "x": 1537,
                "y": 1631,
                "w": 50,
                "h": 75
            },
            "rotated": false,
            "trimmed": false,
            "spriteSourceSize": {
                "x": 0,
                "y": 0,
                "w": 50,
                "h": 75
            },
            "sourceSize": {
                "w": 50,
                "h": 75
            }
        },
        "buttons_2_3": {
            "frame": {
                "x": 1443,
                "y": 1139,
                "w": 50,
                "h": 75
            },
            "rotated": false,
            "trimmed": false,
            "spriteSourceSize": {
                "x": 0,
                "y": 0,
                "w": 50,
                "h": 75
            },
            "sourceSize": {
                "w": 50,
                "h": 75
            }
        },
        "buttons_2_4": {
            "frame": {
                "x": 1443,
                "y": 1215,
                "w": 50,
                "h": 75
            },
            "rotated": false,
            "trimmed": false,
            "spriteSourceSize": {
                "x": 0,
                "y": 0,
                "w": 50,
                "h": 75
            },
            "sourceSize": {
                "w": 50,
                "h": 75
            }
        },
        "buttons_2_5": {
            "frame": {
                "x": 1443,
                "y": 1291,
                "w": 50,
                "h": 75
            },
            "rotated": false,
            "trimmed": false,
            "spriteSourceSize": {
                "x": 0,
                "y": 0,
                "w": 50,
                "h": 75
            },
            "sourceSize": {
                "w": 50,
                "h": 75
            }
        },
        "buttons_3_0": {
            "frame": {
                "x": 1443,
                "y": 1367,
                "w": 50,
                "h": 75
            },
            "rotated": false,
            "trimmed": false,
            "spriteSourceSize": {
                "x": 0,
                "y": 0,
                "w": 50,
                "h": 75
            },
            "sourceSize": {
                "w": 50,
                "h": 75
            }
        },
        "buttons_3_1": {
            "frame": {
                "x": 1443,
                "y": 1443,
                "w": 50,
                "h": 75
            },
            "rotated": false,
            "trimmed": false,
            "spriteSourceSize": {
                "x": 0,
                "y": 0,
                "w": 50,
                "h": 75
            },
            "sourceSize": {
                "w": 50,
                "h": 75
            }
        },
        "buttons_3_2": {
            "frame": {
                "x": 1443,
                "y": 1519,
                "w": 50,
                "h": 75
            },
            "rotated": false,
            "trimmed": false,
            "spriteSourceSize": {
                "x": 0,
                "y": 0,
                "w": 50,
                "h": 75
            },
            "sourceSize": {
                "w": 50,
                "h": 75
            }
        },
        "buttons_3_3": {
            "frame": {
                "x": 1494,
                "y": 1519,
                "w": 50,
                "h": 75
            },
            "rotated": false,
            "trimmed": false,
            "spriteSourceSize": {
                "x": 0,
                "y": 0,
                "w": 50,
                "h": 75
            },
            "sourceSize": {
                "w": 50,
                "h": 75
            }
        },
        "buttons_3_4": {
            "frame": {
                "x": 1494,
                "y": 1443,
                "w": 50,
                "h": 75
            },
            "rotated": false,
            "trimmed": false,
            "spriteSourceSize": {
                "x": 0,
                "y": 0,
                "w": 50,
                "h": 75
            },
            "sourceSize": {
                "w": 50,
                "h": 75
            }
        },
        "buttons_3_5": {
            "frame": {
                "x": 1494,
                "y": 1367,
                "w": 50,
                "h": 75
            },
            "rotated": false,
            "trimmed": false,
            "spriteSourceSize": {
                "x": 0,
                "y": 0,
                "w": 50,
                "h": 75
            },
            "sourceSize": {
                "w": 50,
                "h": 75
            }
        },
        "dialog_header": {
            "frame": {
                "x": 1003,
                "y": 1444,
                "w": 340,
                "h": 74
            },
            "rotated": false,
            "trimmed": false,
            "spriteSourceSize": {
                "x": 0,
                "y": 0,
                "w": 340,
                "h": 74
            },
            "sourceSize": {
                "w": 340,
                "h": 74
            }
        },
        "explosion_baloon_0": {
            "frame": {
                "x": 1443,
                "y": 151,
                "w": 145,
                "h": 145
            },
            "rotated": false,
            "trimmed": false,
            "spriteSourceSize": {
                "x": 0,
                "y": 0,
                "w": 145,
                "h": 145
            },
            "sourceSize": {
                "w": 145,
                "h": 145
            }
        },
        "explosion_baloon_1": {
            "frame": {
                "x": 1443,
                "y": 297,
                "w": 145,
                "h": 145
            },
            "rotated": false,
            "trimmed": false,
            "spriteSourceSize": {
                "x": 0,
                "y": 0,
                "w": 145,
                "h": 145
            },
            "sourceSize": {
                "w": 145,
                "h": 145
            }
        },
        "explosion_baloon_2": {
            "frame": {
                "x": 1443,
                "y": 443,
                "w": 145,
                "h": 145
            },
            "rotated": false,
            "trimmed": false,
            "spriteSourceSize": {
                "x": 0,
                "y": 0,
                "w": 145,
                "h": 145
            },
            "sourceSize": {
                "w": 145,
                "h": 145
            }
        },
        "explosion_baloon_3": {
            "frame": {
                "x": 1443,
                "y": 589,
                "w": 145,
                "h": 145
            },
            "rotated": false,
            "trimmed": false,
            "spriteSourceSize": {
                "x": 0,
                "y": 0,
                "w": 145,
                "h": 145
            },
            "sourceSize": {
                "w": 145,
                "h": 145
            }
        },
        "explosion_baloon_4": {
            "frame": {
                "x": 1443,
                "y": 735,
                "w": 145,
                "h": 145
            },
            "rotated": false,
            "trimmed": false,
            "spriteSourceSize": {
                "x": 0,
                "y": 0,
                "w": 145,
                "h": 145
            },
            "sourceSize": {
                "w": 145,
                "h": 145
            }
        },
        "fajka": {
            "frame": {
                "x": 1003,
                "y": 1519,
                "w": 60,
                "h": 60
            },
            "rotated": false,
            "trimmed": false,
            "spriteSourceSize": {
                "x": 0,
                "y": 0,
                "w": 60,
                "h": 60
            },
            "sourceSize": {
                "w": 60,
                "h": 60
            }
        },
        "full-screen": {
            "frame": {
                "x": 1131,
                "y": 1631,
                "w": 75,
                "h": 75
            },
            "rotated": false,
            "trimmed": false,
            "spriteSourceSize": {
                "x": 0,
                "y": 0,
                "w": 75,
                "h": 75
            },
            "sourceSize": {
                "w": 75,
                "h": 75
            }
        },
        "full-screen2": {
            "frame": {
                "x": 1207,
                "y": 1631,
                "w": 75,
                "h": 75
            },
            "rotated": false,
            "trimmed": false,
            "spriteSourceSize": {
                "x": 0,
                "y": 0,
                "w": 75,
                "h": 75
            },
            "sourceSize": {
                "w": 75,
                "h": 75
            }
        },
        "icons_all_0": {
            "frame": {
                "x": 321,
                "y": 1631,
                "w": 80,
                "h": 80
            },
            "rotated": false,
            "trimmed": false,
            "spriteSourceSize": {
                "x": 0,
                "y": 0,
                "w": 80,
                "h": 80
            },
            "sourceSize": {
                "w": 80,
                "h": 80
            }
        },
        "icons_all_1": {
            "frame": {
                "x": 402,
                "y": 1631,
                "w": 80,
                "h": 80
            },
            "rotated": false,
            "trimmed": false,
            "spriteSourceSize": {
                "x": 0,
                "y": 0,
                "w": 80,
                "h": 80
            },
            "sourceSize": {
                "w": 80,
                "h": 80
            }
        },
        "icons_all_2": {
            "frame": {
                "x": 483,
                "y": 1631,
                "w": 80,
                "h": 80
            },
            "rotated": false,
            "trimmed": false,
            "spriteSourceSize": {
                "x": 0,
                "y": 0,
                "w": 80,
                "h": 80
            },
            "sourceSize": {
                "w": 80,
                "h": 80
            }
        },
        "icons_all_3": {
            "frame": {
                "x": 564,
                "y": 1631,
                "w": 80,
                "h": 80
            },
            "rotated": false,
            "trimmed": false,
            "spriteSourceSize": {
                "x": 0,
                "y": 0,
                "w": 80,
                "h": 80
            },
            "sourceSize": {
                "w": 80,
                "h": 80
            }
        },
        "icons_all_4": {
            "frame": {
                "x": 645,
                "y": 1631,
                "w": 80,
                "h": 80
            },
            "rotated": false,
            "trimmed": false,
            "spriteSourceSize": {
                "x": 0,
                "y": 0,
                "w": 80,
                "h": 80
            },
            "sourceSize": {
                "w": 80,
                "h": 80
            }
        },
        "icons_all_5": {
            "frame": {
                "x": 726,
                "y": 1631,
                "w": 80,
                "h": 80
            },
            "rotated": false,
            "trimmed": false,
            "spriteSourceSize": {
                "x": 0,
                "y": 0,
                "w": 80,
                "h": 80
            },
            "sourceSize": {
                "w": 80,
                "h": 80
            }
        },
        "icons_all_6": {
            "frame": {
                "x": 807,
                "y": 1631,
                "w": 80,
                "h": 80
            },
            "rotated": false,
            "trimmed": false,
            "spriteSourceSize": {
                "x": 0,
                "y": 0,
                "w": 80,
                "h": 80
            },
            "sourceSize": {
                "w": 80,
                "h": 80
            }
        },
        "icons_all_7": {
            "frame": {
                "x": 888,
                "y": 1631,
                "w": 80,
                "h": 80
            },
            "rotated": false,
            "trimmed": false,
            "spriteSourceSize": {
                "x": 0,
                "y": 0,
                "w": 80,
                "h": 80
            },
            "sourceSize": {
                "w": 80,
                "h": 80
            }
        },
        "icons_all_8": {
            "frame": {
                "x": 969,
                "y": 1631,
                "w": 80,
                "h": 80
            },
            "rotated": false,
            "trimmed": false,
            "spriteSourceSize": {
                "x": 0,
                "y": 0,
                "w": 80,
                "h": 80
            },
            "sourceSize": {
                "w": 80,
                "h": 80
            }
        },
        "icons_all_9": {
            "frame": {
                "x": 1050,
                "y": 1631,
                "w": 80,
                "h": 80
            },
            "rotated": false,
            "trimmed": false,
            "spriteSourceSize": {
                "x": 0,
                "y": 0,
                "w": 80,
                "h": 80
            },
            "sourceSize": {
                "w": 80,
                "h": 80
            }
        },
        "icons_all_10": {
            "frame": {
                "x": 1175,
                "y": 1532,
                "w": 99,
                "h": 93
            },
            "rotated": false,
            "trimmed": false,
            "spriteSourceSize": {
                "x": 0,
                "y": 0,
                "w": 99,
                "h": 93
            },
            "sourceSize": {
                "w": 99,
                "h": 93
            }
        },
        "img_1": {
            "frame": {
                "x": 0,
                "y": 0,
                "w": 480,
                "h": 360
            },
            "rotated": false,
            "trimmed": false,
            "spriteSourceSize": {
                "x": 0,
                "y": 0,
                "w": 480,
                "h": 360
            },
            "sourceSize": {
                "w": 480,
                "h": 360
            }
        },
        "img_10": {
            "frame": {
                "x": 0,
                "y": 361,
                "w": 480,
                "h": 360
            },
            "rotated": false,
            "trimmed": false,
            "spriteSourceSize": {
                "x": 0,
                "y": 0,
                "w": 480,
                "h": 360
            },
            "sourceSize": {
                "w": 480,
                "h": 360
            }
        },
        "img_11": {
            "frame": {
                "x": 481,
                "y": 0,
                "w": 480,
                "h": 360
            },
            "rotated": false,
            "trimmed": false,
            "spriteSourceSize": {
                "x": 0,
                "y": 0,
                "w": 480,
                "h": 360
            },
            "sourceSize": {
                "w": 480,
                "h": 360
            }
        },
        "img_12": {
            "frame": {
                "x": 481,
                "y": 361,
                "w": 480,
                "h": 360
            },
            "rotated": false,
            "trimmed": false,
            "spriteSourceSize": {
                "x": 0,
                "y": 0,
                "w": 480,
                "h": 360
            },
            "sourceSize": {
                "w": 480,
                "h": 360
            }
        },
        "img_2": {
            "frame": {
                "x": 0,
                "y": 722,
                "w": 480,
                "h": 360
            },
            "rotated": false,
            "trimmed": false,
            "spriteSourceSize": {
                "x": 0,
                "y": 0,
                "w": 480,
                "h": 360
            },
            "sourceSize": {
                "w": 480,
                "h": 360
            }
        },
        "img_3": {
            "frame": {
                "x": 481,
                "y": 722,
                "w": 480,
                "h": 360
            },
            "rotated": false,
            "trimmed": false,
            "spriteSourceSize": {
                "x": 0,
                "y": 0,
                "w": 480,
                "h": 360
            },
            "sourceSize": {
                "w": 480,
                "h": 360
            }
        },
        "img_4": {
            "frame": {
                "x": 962,
                "y": 0,
                "w": 480,
                "h": 360
            },
            "rotated": false,
            "trimmed": false,
            "spriteSourceSize": {
                "x": 0,
                "y": 0,
                "w": 480,
                "h": 360
            },
            "sourceSize": {
                "w": 480,
                "h": 360
            }
        },
        "img_5": {
            "frame": {
                "x": 962,
                "y": 361,
                "w": 480,
                "h": 360
            },
            "rotated": false,
            "trimmed": false,
            "spriteSourceSize": {
                "x": 0,
                "y": 0,
                "w": 480,
                "h": 360
            },
            "sourceSize": {
                "w": 480,
                "h": 360
            }
        },
        "img_6": {
            "frame": {
                "x": 962,
                "y": 722,
                "w": 480,
                "h": 360
            },
            "rotated": false,
            "trimmed": false,
            "spriteSourceSize": {
                "x": 0,
                "y": 0,
                "w": 480,
                "h": 360
            },
            "sourceSize": {
                "w": 480,
                "h": 360
            }
        },
        "img_7": {
            "frame": {
                "x": 0,
                "y": 1083,
                "w": 480,
                "h": 360
            },
            "rotated": false,
            "trimmed": false,
            "spriteSourceSize": {
                "x": 0,
                "y": 0,
                "w": 480,
                "h": 360
            },
            "sourceSize": {
                "w": 480,
                "h": 360
            }
        },
        "img_8": {
            "frame": {
                "x": 481,
                "y": 1083,
                "w": 480,
                "h": 360
            },
            "rotated": false,
            "trimmed": false,
            "spriteSourceSize": {
                "x": 0,
                "y": 0,
                "w": 480,
                "h": 360
            },
            "sourceSize": {
                "w": 480,
                "h": 360
            }
        },
        "img_9": {
            "frame": {
                "x": 962,
                "y": 1083,
                "w": 480,
                "h": 360
            },
            "rotated": false,
            "trimmed": false,
            "spriteSourceSize": {
                "x": 0,
                "y": 0,
                "w": 480,
                "h": 360
            },
            "sourceSize": {
                "w": 480,
                "h": 360
            }
        },
        "inl": {
            "frame": {
                "x": 0,
                "y": 1605,
                "w": 158,
                "h": 117
            },
            "rotated": false,
            "trimmed": false,
            "spriteSourceSize": {
                "x": 0,
                "y": 0,
                "w": 158,
                "h": 117
            },
            "sourceSize": {
                "w": 158,
                "h": 117
            }
        },
        "logo_game": {
            "frame": {
                "x": 702,
                "y": 1444,
                "w": 300,
                "h": 140
            },
            "rotated": false,
            "trimmed": false,
            "spriteSourceSize": {
                "x": 0,
                "y": 0,
                "w": 300,
                "h": 140
            },
            "sourceSize": {
                "w": 300,
                "h": 140
            }
        },
        "shadow": {
            "frame": {
                "x": 159,
                "y": 1605,
                "w": 540,
                "h": 25
            },
            "rotated": false,
            "trimmed": false,
            "spriteSourceSize": {
                "x": 0,
                "y": 0,
                "w": 540,
                "h": 25
            },
            "sourceSize": {
                "w": 540,
                "h": 25
            }
        },
        "sound-off": {
            "frame": {
                "x": 1283,
                "y": 1631,
                "w": 75,
                "h": 75
            },
            "rotated": false,
            "trimmed": false,
            "spriteSourceSize": {
                "x": 0,
                "y": 0,
                "w": 75,
                "h": 75
            },
            "sourceSize": {
                "w": 75,
                "h": 75
            }
        },
        "sound-on": {
            "frame": {
                "x": 1359,
                "y": 1631,
                "w": 75,
                "h": 75
            },
            "rotated": false,
            "trimmed": false,
            "spriteSourceSize": {
                "x": 0,
                "y": 0,
                "w": 75,
                "h": 75
            },
            "sourceSize": {
                "w": 75,
                "h": 75
            }
        },
        "void": {
            "frame": {
                "x": 181,
                "y": 1712,
                "w": 1,
                "h": 1
            },
            "rotated": false,
            "trimmed": false,
            "spriteSourceSize": {
                "x": 0,
                "y": 0,
                "w": 1,
                "h": 1
            },
            "sourceSize": {
                "w": 1,
                "h": 1
            }
        },
        "white": {
            "frame": {
                "x": 1443,
                "y": 1010,
                "w": 128,
                "h": 128
            },
            "rotated": false,
            "trimmed": false,
            "spriteSourceSize": {
                "x": 0,
                "y": 0,
                "w": 128,
                "h": 128
            },
            "sourceSize": {
                "w": 128,
                "h": 128
            }
        },
        "white_point": {
            "frame": {
                "x": 170,
                "y": 1712,
                "w": 10,
                "h": 10
            },
            "rotated": false,
            "trimmed": false,
            "spriteSourceSize": {
                "x": 0,
                "y": 0,
                "w": 10,
                "h": 10
            },
            "sourceSize": {
                "w": 10,
                "h": 10
            }
        }
    },
    "meta": {
        "app": "https://www.leshylabs.com/apps/sstool/",
        "version": "Leshy SpriteSheet Tool v0.8.4",
        "image": "spritesheet.png",
        "size": {
            "w": 1593,
            "h": 1722
        },
        "scale": 1
    }
}