{
  "albums": [
    {
      "name": "First Trip",
      "description": "",
      "stars": [0,1,2,5,8,11,14,17,20,25,25],
      "songs": [
        "English Lullaby - Twinkle Twinkle Little Star",
        "English Christmas Carol - Coventry Carol",
        "Felix Mendelssohn - Wedding March",
        "Jessie Seymour Irvine - The Lord's My Shepherd",
        "Welsh Christmas Carol - Deck the Halls",
        "Richard Wagner - Bridal Chorus",
        "English Nursery Rhyme - Baa, Baa Black Sheep",
        "American Christmas Song - Jingle Bells",
        "Alan Walker - Faded",
        "English Nursery Rhyme - Sing A Song Of Sixpence"
      ]
    },
    {
      "name": "Day of Harmony",
      "description": "",
      "stars": [0,1,3,5,8,11,14,17,20,23,26,30,34,34],
      "songs": [
        "Christian Hymn - Morning Has Broken",
        "English Christmas Carol - God Rest You ...",
        "Wolfgang Amadeus Mozart - Theme from Sonata K331",
        "Christian Hymn - The Old 100th (Psalm 100)",
        "English Ballad - Scarborough Fair",
        "American Christmas Song - Away In A Manger",
        "Robert Schumann - In Slumberland, Opus 15",
        "Russian Folk Song - The Birch Tree",
        "English Nursery Rhyme - What Can The Matter Be",
        "Erik Satie - Gymnopedie No 1",
        "Nursery Rhyme - Ring A Ring O Roses",
        "Thomas Hastings - Rock of Ages",
        "Elektronomia - Sky High"
      ]
    },
    {
      "name": "Sea Breeze",
      "description": "",
      "stars": [0,1,3,6,8,11,14,17,19,23,26,29,32,35,38,42,46,49,49],
      "songs": [
        "English Christmas Carol - Cradled In a Manger Meanly",
        "George Minor - Bringing in the Sheaves",
        "Polish Christmas Carol - Mizerna Cicha",
        "English Folk Song - Early One Morning",
        "English Nursery Rhyme - Goosey Goosey Gander",
        "Christmas Carol - Joy To The World",
        "English Nursery Rhyme - Rub A Dub Dub",
        "Basque Christmas Carol - Gabriels Message",
        "English Folk Song - Greensleeves",
        "Edvard Grieg - Solitary Traveller",
        "William C. Dix - As With Gladness Men of Old",
        "George James Webb - Stand Up, Stand Up for Jesus",
        "Nursery Rhyme - Londons Burning",
        "Scottish Folk Song - The Skye Boat Song",
        "Disfigure - Blank",
        "Johann Sebastian Bach - Fugue in C major BWV 846",
        "American Nursery Rhyme - If You Are Happy ...",
        "Franz Schubert - Moments Musicaux No 3"
      ]
    },
    {
      "name": "Evening Tide",
      "description": "",
      "stars": [0,1,3,6,9,11,14,17,19,23,26,29,32,35,38,41,45,48,52,55,55],
      "songs": [
        "Wallis Willis - Swing Low, Sweet Chariot",
        "Scottish Folk Song - Flowers of the Forest",
        "John Hughes - Cwm Rhondda",
        "Christmas Carol - What Child is This",
        "English Nursery Rhyme - I Had A Little Nut Tree",
        "Christian Hymn - Amazing Grace",
        "Ukrainian Christmas Carol - Carol of the Bells",
        "English Christmas Carol - The Holly And The Ivy",
        "English Folk Song - Bobby Shaftoe",
        "Irish Christmas Carol - The Wexford Carol",
        "Henry Clay Work - My Grandfather's Clock",
        "Antonin Dvorak - Humoresque",
        "Johann Strauss II - Blue Danube",
        "English Christmas Carol - Wish You a Merry Christmas",
        "Arthur Sullivan - Onward Christian Soldiers",
        "Frederic Chopin - The Raindrop Prelude (No.15)",
        "Deaf Kev - Invincible",
        "Traditional American Song - When Johnny Comes ...",
        "Liverpool Folk Song - Johnny Todd",
        "Felix Mendelssohn - Faith Song Without Words"
      ]
    },
    {
      "name": "Nature Vibes",
      "description": "",
      "stars": [0,1,4,6,8,12,14,17,19,23,26,29,32,35,38,42,46,50,50],
      "songs": [
        "Hans Leo Hassler - Sacred Head, Now Wounded",
        "Robert Lowry - Shall We Gather at the River",
        "John Bacchus Dykes - The King of Love ...",
        "Austrian Christmas Song - Silent Night",
        "English Nursery Rhyme - There Was A Crooked Man",
        "English Christmas Carol - I Saw Three Ships",
        "English Nursery Rhyme - Little Bo Peep",
        "Christian Hymn - Lord of All Hopefulness",
        "English Nursery Rhyme - The Grand Old Duke Of York",
        "Scottish Folk Song - Auld Lang Syne",
        "English Folk Song - Sumer Is Icumen In",
        "English Christmas Carol - Twelve Days of Christmas",
        "Ludwig van Beethoven - Für Elise",
        "French Christmas Carol - Il Est Ne Le Divin Enfant",
        "Ahrix - Nova",
        "Johann Sebastian Bach - Prelude in C major BWV 846",
        "English Nursery Rhyme - The Muffin Man",
        "Johann Pachelbel - Canon in D"
      ]
    },
    {
      "name": "Gold Rhythms",
      "description": "",
      "stars": [0,1,4,6,9,11,15,16,19,23,26,29,32,35,39,42,46,49,53,53],
      "songs": [
        "Charles Crozat Converse - A Friend We Have In Jesus",
        "Christmas Carol - In The Bleak Midwinter",
        "Joseph Barnby - Oh Perfect Love",
        "English Nursery Rhyme - See Saw Margery Daw",
        "Russian Folk Song - Kalinka",
        "Modest Mussorgsky - Promenade",
        "Pyotr Ilyich Tchaikovsky - Dance of the Little Swans",
        "French Folk Song - Frere Jacques",
        "African-American Spiritual Song - Go Tell It On The Mountain",
        "Christmas Carol - Gaudete Rejoice",
        "Different Heaven - Far Away",
        "Erik Satie - Gnossienne No 1",
        "English Folk Song - Lavenders Blue",
        "English Christmas Carol - Wassail Song",
        "Desmeon - Hellcat",
        "Edvard Grieg - Valse, Opus 12 No 2",
        "English Nursery Rhyme - Three Blind Mice",
        "Nursery Rhyme - The Farmer's In His Den",
        "Claude Debussy - Clair De Lune"
      ]
    },
    {
      "name": "Master Tones",
      "description": "",
      "stars": [0,2,5,8,11,14,16,19,23,27,27],
      "songs": [
        "William Henry Monk - Abide With Me",
        "Christmas Carol - It Came Upon a Midnight ...",
        "Felice Giardini - God Bless Our Native Land",
        "Christmas Carol - Ding Dong Merrily on High",
        "Pyotr Ilyich Tchaikovsky - Sugar Plum",
        "English Nursery Rhyme - Here We Go Round ...",
        "Russian Folk Song - Korobeiniki",
        "K-391 - Earth",
        "Mendum - Stay With Me",
        "Ludwig van Beethoven - Moonlight Sonata"
      ]
    }
  ],
  "uncategorized": []
}