{"GameOverScreen":[{"id":"trophy3","frame":"trophy","texture":"trophy","x":301.3,"y":518,"s":0.5859},{"id":"next_button","frame":"next","texture":"buttons","x":300,"y":990},{"id":"trophy1","frame":"trophy","texture":"trophy","x":40,"y":706.9,"s":0.75},{"id":"trophy2","frame":"trophy","texture":"trophy","x":530,"y":706.9,"s":0.75},{"text":"","id":"highscore","font":"text_1","w":700,"h":84.95,"size":60,"align":0,"face":"RobotoSlab-Black","fillColor":"#FFED38","x":10,"y":616},{"text":"","id":"score1","font":"text_1","w":700,"h":112,"size":80,"align":0,"face":"RobotoSlab-Black","fillColor":"#FFFFFF","x":10,"y":726},{"text":"","id":"score2","font":"text_1","w":700,"h":112,"size":80,"align":0,"face":"RobotoSlab-Black","fillColor":"#FFED38","x":10,"y":726},{"text":"","id":"level","font":"text_1","w":600,"h":100,"size":60,"align":0,"face":"RobotoSlab-Black","fillColor":"#FFED38","x":60,"y":671},{"texture":"logo","x":104,"y":60}],"HomeScreen":[{"text":"","id":"highscore_value","font":"text_1","w":600,"h":112,"size":80,"align":0,"face":"RobotoSlab-Black","fillColor":"#FFFFFF","x":60,"y":845},{"text":"","id":"level_value","font":"text_1","w":600,"h":100,"size":60,"align":0,"face":"RobotoSlab-Black","fillColor":"#FFFFFF","x":60,"y":791},{"frame":"more_games_graphic","texture":"placeholder","x":135,"y":1048,"s":0.75},{"texture":"logo","x":104,"y":60},{"id":"play_button","frame":"play","texture":"buttons","x":300,"y":580},{"id":"trophy1","frame":"trophy","texture":"trophy","x":60,"y":806.9,"s":0.75},{"id":"trophy2","frame":"trophy","texture":"trophy","x":510,"y":806.9,"s":0.75}],"LoadingScreen":[{"text":"","id":"info","w":600,"h":84.95,"size":60,"align":0,"face":"RobotoSlab-Black","fillColor":"#FFFFFF","x":60,"y":582}],"PauseScreen":[{"id":"sound_button","frame":"sound","texture":"buttons","x":510,"y":757},{"id":"home_button","frame":"home","texture":"buttons","x":90,"y":757},{"id":"restart_button","frame":"restart","texture":"buttons","x":300,"y":757},{"id":"play_button","frame":"play","texture":"buttons","x":300,"y":321.5}]}